{
  "Ajaccio": {
    "airport": "Ajaccio",
    "dem_grad_ew_mean": 367.74413528633346,
    "dem_grad_ns_mean": 518.9929880892012,
    "dem_grad_mag_mean": 697.4185492182556,
    "dem_grad_mag_std": 802.0154004908347,
    "dem_grad_ew_asymmetry": 60.70667793744717,
    "dem_grad_ns_asymmetry": 49.63937739222711,
    "dem_slope_mean_deg": 24.95611972038799,
    "dem_slope_p90_deg": 59.07085060951919,
    "dem_frac_steep": 0.5465523487501509,
    "dem_rough_3px_mean": 89.33639511075417,
    "dem_rough_7px_mean": 142.49499651035478,
    "dem_rough_15px_mean": 190.1307228080901,
    "dem_rough_ratio_3_15": 0.46986827442431944,
    "dem_tpi_5px_std": 175.05663864687492,
    "dem_tpi_15px_std": 240.30292119816002,
    "dem_tpi_15_pos_frac": 0.28752566115203476,
    "dem_elev_skew": 1.2316043698145513,
    "dem_frac_negative": 0.0006054734802615645
  },
  "Bastia": {
    "airport": "Bastia",
    "dem_grad_ew_mean": 258.44468518277375,
    "dem_grad_ns_mean": 289.62857328504515,
    "dem_grad_mag_mean": 432.00500547571374,
    "dem_grad_mag_std": 692.2368994154508,
    "dem_grad_ew_asymmetry": -56.61152034778409,
    "dem_grad_ns_asymmetry": -28.225576621181016,
    "dem_slope_mean_deg": 15.765871789502434,
    "dem_slope_p90_deg": 53.87045456403871,
    "dem_frac_steep": 0.34887090931046977,
    "dem_rough_3px_mean": 54.5505098292468,
    "dem_rough_7px_mean": 90.2718204312148,
    "dem_rough_15px_mean": 130.15557535185903,
    "dem_rough_ratio_3_15": 0.4191177309359104,
    "dem_tpi_5px_std": 131.79321909314154,
    "dem_tpi_15px_std": 197.38122802342187,
    "dem_tpi_15_pos_frac": 0.19031517932616834,
    "dem_elev_skew": 2.051284370536832,
    "dem_frac_negative": 0.005076142131979695
  },
  "Biarritz": {
    "airport": "Biarritz",
    "dem_grad_ew_mean": 177.06001690617074,
    "dem_grad_ns_mean": 220.93370365897837,
    "dem_grad_mag_mean": 313.7034176873714,
    "dem_grad_mag_std": 441.92482704846356,
    "dem_grad_ew_asymmetry": 8.762226784204806,
    "dem_grad_ns_asymmetry": -76.8313005675643,
    "dem_slope_mean_deg": 13.498541759940093,
    "dem_slope_p90_deg": 42.56317992123047,
    "dem_frac_steep": 0.3249607535321821,
    "dem_rough_3px_mean": 44.15189962506438,
    "dem_rough_7px_mean": 63.21661124359792,
    "dem_rough_15px_mean": 83.53849178079207,
    "dem_rough_ratio_3_15": 0.5285216210558229,
    "dem_tpi_5px_std": 88.21524918707529,
    "dem_tpi_15px_std": 119.41246069725388,
    "dem_tpi_15_pos_frac": 0.2958579881656805,
    "dem_elev_skew": 1.7006828087493753,
    "dem_frac_negative": 0.001328341987682647
  },
  "Nantes": {
    "airport": "Nantes",
    "dem_grad_ew_mean": 23.787430883780534,
    "dem_grad_ns_mean": 39.75993237531699,
    "dem_grad_mag_mean": 50.58018966930276,
    "dem_grad_mag_std": 40.418416794188985,
    "dem_grad_ew_asymmetry": 5.561647144064726,
    "dem_grad_ns_asymmetry": -1.1496196111580728,
    "dem_slope_mean_deg": 2.627459184710002,
    "dem_slope_p90_deg": 5.159177795504885,
    "dem_frac_steep": 0.0006037918125830214,
    "dem_rough_3px_mean": 7.0590442414648775,
    "dem_rough_7px_mean": 10.802352770118999,
    "dem_rough_15px_mean": 14.593162100685364,
    "dem_rough_ratio_3_15": 0.4837226989625952,
    "dem_tpi_5px_std": 10.523790205031784,
    "dem_tpi_15px_std": 15.807598429199729,
    "dem_tpi_15_pos_frac": 0.47288974761502234,
    "dem_elev_skew": 0.3409272286084914,
    "dem_frac_negative": 0.014133848755738102
  },
  "Pise": {
    "airport": "Pise",
    "dem_grad_ew_mean": 196.61471781984469,
    "dem_grad_ns_mean": 257.230477533308,
    "dem_grad_mag_mean": 356.09371572829457,
    "dem_grad_mag_std": 568.12276561726,
    "dem_grad_ew_asymmetry": 28.14152880086946,
    "dem_grad_ns_asymmetry": 73.13662899997088,
    "dem_slope_mean_deg": 14.122371792401463,
    "dem_slope_p90_deg": 46.541270526764826,
    "dem_frac_steep": 0.32640985388238136,
    "dem_rough_3px_mean": 47.87067367202543,
    "dem_rough_7px_mean": 75.46482286261941,
    "dem_rough_15px_mean": 110.71942512136769,
    "dem_rough_ratio_3_15": 0.43236020406708825,
    "dem_tpi_5px_std": 107.4510940594627,
    "dem_tpi_15px_std": 161.9513079074743,
    "dem_tpi_15_pos_frac": 0.22895785533148172,
    "dem_elev_skew": 2.3425476689707394,
    "dem_frac_negative": 0.020583605763409615
  }
}